,prob,target,sequence_index
0,0.49467595139458054,['('],['U']
1,0.9493614746590422,['('],['A']
2,0.9998008530141202,['('],['G']
3,0.9999557803695602,['('],['C']
4,0.997746846348411,['('],['U']
5,0.9973029741647892,['('],['U']
6,0.9980429656068243,['('],['A']
7,0.9989944322113962,['('],['U']
8,0.9999352343605841,['('],['C']
9,0.9990232421621501,['('],['A']
10,0.9999358125130942,['('],['G']
11,0.9994866024460715,['('],['A']
12,0.9999111507186795,['('],['C']
13,0.9990225185789557,['('],['U']
14,0.9999352007435649,['('],['G']
15,0.9990007341009061,['('],['A']
16,0.9983849929997833,['('],['U']
17,0.9998996851694193,['('],['G']
18,0.9978281676027292,['('],['U']
19,0.9962488450946747,['('],['U']
20,0.9928569904951541,['('],['G']
21,0.3032016017044791,['('],['A']
22,0.9886870071972036,['.'],['U']
23,0.977884548155704,['.'],['C']
24,0.9802120730630491,['.'],['A']
25,0.9955785315859669,['.'],['U']
26,0.9965625767143329,['.'],['U']
27,0.996897471530266,['.'],['A']
28,0.9410048863619616,['.'],['C']
29,0.973177124283514,['.'],['A']
30,0.9024819191868441,['.'],['C']
31,0.9241597997688684,['.'],['A']
32,0.9385991263280873,['.'],['U']
33,0.8752708916697026,['.'],['C']
34,0.9534984381192632,['.'],['U']
35,0.98090864230733,['.'],['C']
36,0.9662768233940987,['.'],['C']
37,0.7096910583269735,['.'],['U']
38,0.5819080188881414,['.'],['G']
39,0.8556251773256478,['.'],['G']
40,0.2721752592137868,['('],['G']
41,0.30629305337668955,['('],['C']
42,0.9990803611655522,['.'],['A']
43,0.8453403861853015,['.'],['C']
44,0.8727888035172606,['.'],['A']
45,0.963444478393052,['.'],['A']
46,0.2432656751911807,[')'],['G']
47,0.2634114312731781,[')'],['C']
48,0.9762642912171341,['.'],['A']
49,0.3009912228016882,[')'],['U']
50,0.9923948789720904,[')'],['C']
51,0.9960684439616391,[')'],['A']
52,0.9978269161915899,[')'],['A']
53,0.9998997569891698,[')'],['C']
54,0.9983850494424881,[')'],['A']
55,0.9990007344363735,[')'],['U']
56,0.9999352463379776,[')'],['C']
57,0.9990225417309133,[')'],['A']
58,0.999911137617335,[')'],['G']
59,0.9994865890384707,[')'],['U']
60,0.9999358340119608,[')'],['C']
61,0.9990232340681181,[')'],['U']
62,0.9999352088489998,[')'],['G']
63,0.9989944577031308,[')'],['A']
64,0.9980429655213908,[')'],['U']
65,0.9973029449666377,[')'],['A']
66,0.9977469211195884,[')'],['A']
67,0.9999557339530484,[')'],['G']
68,0.9997997685389042,[')'],['C']
69,0.9494278618420435,[')'],['U']
70,0.49487453703483786,[')'],['A']
71,0.9998920106762819,['.'],['U']
72,0.9993396401749429,['.'],['U']
73,0.9988979127435709,['.'],['G']
74,0.9999440687651239,['.'],['A']
75,0.9848527756586568,['('],['G']
76,0.9949389434897814,['('],['U']
77,0.9965663658834728,['('],['A']
78,0.995197117807626,['('],['U']
79,0.9966190059231569,['('],['U']
80,0.9971878563547721,['('],['G']
81,0.7649795054409138,['('],['U']
82,0.9998171382140616,['.'],['G']
83,0.9999116760644328,['.'],['C']
84,0.9997011270063797,['.'],['A']
85,0.9996510503845522,['.'],['U']
86,0.7647890743882556,[')'],['A']
87,0.996768754907885,[')'],['C']
88,0.9965346426936443,[')'],['A']
89,0.9954434803205445,[')'],['A']
90,0.9968974319496084,[')'],['U']
91,0.9953213138678667,[')'],['A']
92,0.9849322763054246,[')'],['C']
93,0.6134237433081242,['('],['A']
94,0.9846805629744421,['('],['C']
95,0.9970131118596292,['('],['A']
96,0.999942369104863,['('],['G']
97,0.9999827029437309,['('],['G']
98,0.9999829422692901,['('],['C']
99,0.9999141851430863,['('],['C']
100,0.9999140947825743,['('],['G']
101,0.9999798385760659,['('],['G']
102,0.9999710844581416,['('],['G']
103,0.9994878371115871,['('],['A']
104,0.9999101828920965,['('],['C']
105,0.9977587602356244,['('],['A']
106,0.9977540065421892,['('],['A']
107,0.9999053763319805,['('],['G']
108,0.9991682069985933,['('],['U']
109,0.9999602916531869,['('],['G']
110,0.9999507661837775,['('],['C']
111,0.9926242117785123,['('],['A']
112,0.965072149245161,['('],['A']
113,0.889842869735161,['('],['U']
114,0.3761300176269565,['('],['A']
115,0.9585542332307059,['.'],['C']
116,0.0,['('],['U']
117,0.4678495681200202,['.'],['G']
118,0.0,['('],['U']
119,0.247140814446147,['('],['C']
120,0.262068858807864,['('],['C']
121,0.3366885772313889,['.'],['G']
122,0.13558211868774928,['.'],['U']
123,0.15281308270623994,['.'],['U']
124,0.42676622096090355,['.'],['G']
125,0.4027461769383286,['.'],['U']
126,0.8438958809568387,['.'],['A']
127,0.669604137865945,['.'],['U']
128,0.7463876128020097,['.'],['A']
129,0.8453226432730654,['.'],['G']
130,0.9235613103645623,['.'],['A']
131,0.07026391796784107,[')'],['G']
132,0.136116021098368,[')'],['G']
133,0.0,[')'],['A']
134,0.8765215406955497,['.'],['G']
135,0.0,[')'],['A']
136,0.5576226567300246,['.'],['U']
137,0.5974971427478362,['.'],['G']
138,0.4075607683118503,['.'],['A']
139,0.3125643333350745,['.'],['C']
140,0.5308212584206615,['.'],['A']
141,0.5487184537895747,['.'],['A']
142,0.560088752544349,['.'],['A']
143,0.3855250620616929,['.'],['U']
144,0.34292463580937593,['.'],['G']
145,0.349562652487136,['.'],['G']
146,0.6069336685751898,['.'],['C']
147,0.9677484404721655,['.'],['U']
148,0.9733584435458005,['.'],['U']
149,0.9779945059057725,['.'],['C']
150,0.37843316273988026,[')'],['U']
151,0.8912139126865457,[')'],['A']
152,0.9655562745177529,[')'],['U']
153,0.992629322234663,[')'],['U']
154,0.9999513775468317,[')'],['G']
155,0.9999603104179152,[')'],['C']
156,0.9991682093808513,[')'],['A']
157,0.999905427486472,[')'],['C']
158,0.9977539861993532,[')'],['U']
159,0.9977587296338927,[')'],['U']
160,0.9999101828920945,[')'],['G']
161,0.9994878134351772,[')'],['U']
162,0.999971092510009,[')'],['C']
163,0.9999798466228488,[')'],['C']
164,0.9999141023605609,[')'],['C']
165,0.9999141852681442,[')'],['G']
166,0.99998294214695,[')'],['G']
167,0.9999827870922844,[')'],['C']
168,0.999944193093926,[')'],['C']
169,0.99724850976939,[')'],['U']
170,0.9852122634218694,[')'],['G']
171,0.613779762640153,[')'],['U']
